نام کسب‌وکار,صنف,شماره موبایل,شماره ثابت,منبع,تاریخ
ترخیص کالا از گمرک بندرعباس + هزینه ترخیص,واردکنندگان و فروشگاه های منطقه آزاد,,02128111121,https://rahkartejarat.com/clearance/clearance-bandar-abbas/,2026-07-04
ترخیص کالا از گمرک بندر عباس,واردکنندگان و فروشگاه های منطقه آزاد,,07733333270,https://makarem.biz/customs-clearance-bandar-abas/,2026-07-04
فروشگاه موبایل تایماز‎ (@mobile.taimaz),واردکنندگان و فروشگاه های منطقه آزاد,,07632242266,https://www.instagram.com/mobile.taimaz/?hl=fa,2026-07-04
بندرعباس مال 🔴 *6 . شعبـه فروش :* ( کرمان موتور ) ● بلوار ..,نمایندگی های خودرو و موتور,09127387615,,https://www.instagram.com/p/DTA7EitjPtd/,2026-07-05
لیست و آدرس نمایندگی های ایران خودرو در استان هرمزگان,نمایندگی های خودرو و موتور,,07633331599,https://www.delgarm.com/scientific/do-you-know/177073-%D8%A2%D8%AF%D8%B1%D8%B3-%D9%86%D9%85%D8%A7%DB%8C%D9%86%D8%AF%DA%AF%DB%8C-%D9%87%D8%A7%DB%8C-%D8%A7%DB%8C%D8%B1%D8%A7%D9%86-%D8%AE%D9%88%D8%AF%D8%B1%D9%88-%D8%AF%D8%B1-%D8%A7%D8%B3%D8%AA%D8%A7%D9%86-%D9%87%D8%B1%D9%85%D8%B2%DA%AF%D8%A7%D9%86,2026-07-05
نمایندگی انحصاری کرمان موتور حاج ملک هرمزگان (بندرعباس),نمایندگی های خودرو و موتور,,07633561138,https://www.iran-goo.com/show/118086-%D9%86%D9%85%D8%A7%DB%8C%D9%86%D8%AF%DA%AF%DB%8C-%D8%A7%D9%86%D8%AD%D8%B5%D8%A7%D8%B1%DB%8C-%DA%A9%D8%A7%D8%B1%D9%85%D8%A7%D9%86%DB%8C%D8%A7-%D8%AD%D8%A7%D8%AC-%D9%85%D9%84%DA%A9-7601-%D9%87%D8%B1%D9%85%D8%B2%DA%AF%D8%A7%D9%86-(%D8%A8%D9%86%D8%AF%D8%B1%D8%B9%D8%A8%D8%A7%D8%B3).html,2026-07-05
فروشگاه ماشین شارژی موترشارژی عبدالهی - بندرعباس,نمایندگی های خودرو و موتور,09058941239,,https://neshan.org/maps/places/3425f6e3ff700d025cc7ea8e82b2fa29,2026-07-05
‎ميثم عاطفي.فروشگاه موبایل T3‎ (@mobile_store_t3_bnd) · ‎ ..,نمایندگی های خودرو و موتور,09178614877,,https://www.instagram.com/mobile_store_t3_bnd/,2026-07-05
هتل دریا بندرعباس؛ آدرس، تلفن، ساعت کاری,هتل ها و مجتمع های تجاری,,07632241941,https://balad.ir/p/%D9%87%D8%AA%D9%84-%D8%AF%D8%B1%DB%8C%D8%A7-bandar-abbas_hotel-1k1MZy3uSJmo7c,2026-07-05
بهترین موبایل فروشی بندرعباس | لیست 20 تایی + آدرس,هتل ها و مجتمع های تجاری,,07632231219,https://bandarabbas.top/phoneshop-bandarabbas/,2026-07-05
مرکز آموزشی، درمانی و پژوهشی کودکان | کلینیک های تخصصی و ...,آموزشگاه ها و کلینیک های,,07633666240,https://kdkh.hums.ac.ir/%D8%AA%D9%85%D8%A7%D8%B3-%D8%A8%D8%A7-%D9%85%D8%A7/%DA%A9%D9%84%DB%8C%D9%86%DB%8C%DA%A9-%D9%87%D8%A7%DB%8C-%D8%AA%D8%AE%D8%B5%D8%B5%DB%8C-%D9%88-%D9%81%D9%88%D9%82-%D8%AA%D8%AE%D8%B5%D8%B5%DB%8C-%DA%A9%D9%88%D8%AF%DA%A9%D8%A7%D9%86,2026-07-05
لیست درمانگاه های بندرعباس همراه با آدرس و تلفن,آموزشگاه ها و کلینیک های,,07633313035,https://www.delgarm.com/list-of-clinics-in-bandar-abbas.a219673,2026-07-05
لیست شرکت های باربری بندرعباس + کرایه 1404,شرکت های حمل و نقل و لجستیک,09123518812,,https://irbaar.com/bandar-abbas-cargo-list/,2026-07-05
آدرس و تلفن بهترین شرکت حمل و نقل بین المللی بندرعباس,شرکت های حمل و نقل و لجستیک,,07633514739,https://www.delgarm.com/b.a298349,2026-07-05
بهترین پیتزا بندرعباس :10فست فود معتبر بندر عباس,رستوران ها و فست فود,,07633669498,https://bandarabbas.top/best-pizza-in-bandarabbas/,2026-07-06
13 تا از بهترین رستوران های بندرعباس + آدرس و شماره تماس,رستوران ها و فست فود,,07632225656,https://darbandarabbaskojast.ir/%D8%A8%D9%87%D8%AA%D8%B1%DB%8C%D9%86-%D8%B1%D8%B3%D8%AA%D9%88%D8%B1%D8%A7%D9%86-%D8%A8%D9%86%D8%AF%D8%B1%D8%B9%D8%A8%D8%A7%D8%B3/,2026-07-06
اطلاعات فست فودهای هرمزگان ✅ آپدیت جدید,رستوران ها و فست فود,09102087178,,https://bank118.com/downloads/%D9%81%D8%B3%D8%AA-%D9%81%D9%88%D8%AF%D9%87%D8%A7%DB%8C-%D8%A7%D8%B3%D8%AA%D8%A7%D9%86-%D9%87%D8%B1%D9%85%D8%B2%DA%AF%D8%A7%D9%86/,2026-07-06
15 تا از بهترین فست فود بندرعباس در سال 1405 + آدرس و تلفن,رستوران ها و فست فود,,07633666324,https://darbandarabbaskojast.ir/%D8%A8%D9%87%D8%AA%D8%B1%DB%8C%D9%86-%D9%81%D8%B3%D8%AA-%D9%81%D9%88%D8%AF-%D8%A8%D9%86%D8%AF%D8%B1%D8%B9%D8%A8%D8%A7%D8%B3/,2026-07-06
15 تا از بهترین فست فود بندرعباس در سال 1405 + آدرس و تلفن,رستوران ها و فست فود,,07633666324,https://darbandarabbaskojast.ir/%D8%A8%D9%87%D8%AA%D8%B1%DB%8C%D9%86-%D9%81%D8%B3%D8%AA-%D9%81%D9%88%D8%AF-%D8%A8%D9%86%D8%AF%D8%B1%D8%B9%D8%A8%D8%A7%D8%B3/,2026-07-06
بهترین فست فود بندرعباس | لیست 16 تایی + آدرس,رستوران ها و فست فود,09137249417,,https://bandarabbas.top/fastfood-bandarabbas/,2026-07-06
لیست فروشگاه های لوازم خانگی در بندرعباس + آدرس و تلفن,فروشگاه های لوازم خانگی و الکترونیک,09171581641,,https://www.delgarm.com/%D9%84%DB%8C%D8%B3%D8%AA-%D9%81%D8%B1%D9%88%D8%B4%DA%AF%D8%A7%D9%87-%D9%87%D8%A7%DB%8C-%D9%84%D9%88%D8%A7%D8%B2%D9%85-%D8%AE%D8%A7%D9%86%DA%AF%DB%8C-%D8%AF%D8%B1-%D8%A8%D9%86%D8%AF%D8%B1%D8%B9%D8%A8%D8%A7%D8%B3.a276953,2026-07-06
‎سهیل کالا | لوازم خانگی بندرعباس 🇦🇪‎ | ‎😍پاساژ مرجان ...,فروشگاه های لوازم خانگی و الکترونیک,09161524257,06152575233,https://www.instagram.com/reel/DCweyE6oiVK/?hl=fa,2026-07-06
لوازم خانگی مدرن بندرعباس,فروشگاه های لوازم خانگی و الکترونیک,09179810116,,https://modernbnd.ir/,2026-07-06
پخش عمده و تک لوازم خانگی اصلی در بندرعباس وارد کننده ی ...,فروشگاه های لوازم خانگی و الکترونیک,09167569682,,https://www.instagram.com/reel/DMDV0j0si-o/?hl=fa,2026-07-06
اطلاعات موسسه اعتباری غیربانکی ملل شعبه بندرعباس کد 408,بانک ها و موسسات مالی,,07633313197,https://cardinfo.ir/%D8%A8%D8%A7%D9%86%DA%A9/%D9%85%D9%88%D8%B3%D8%B3%D9%87%20%D8%A7%D8%B9%D8%AA%D8%A8%D8%A7%D8%B1%DB%8C%20%D8%BA%DB%8C%D8%B1%D8%A8%D8%A7%D9%86%DA%A9%DB%8C%20%D9%85%D9%84%D9%84/%D8%B4%D8%B9%D8%A8%D9%87/7500408,2026-07-06
تماس باما,بانک ها و موسسات مالی,,07632251532,https://investinhormozgan.ir/fa-ir/%D8%AA%D9%85%D8%A7%D8%B3-%D8%A8%D8%A7%D9%85%D8%A7,2026-07-06
شرکت حسابداری در بندرعباس | 20 سال خدمات مالی و مالیاتی,بانک ها و موسسات مالی,09123982925,,https://www.ithce.ir/accounting-company-bandarabbas/,2026-07-06
شعب موسسه اعتباری غیربانکی نور شهر بندرعباس - بانک یاب,بانک ها و موسسات مالی,,07632238267,https://cardinfo.ir/%D8%A8%D8%A7%D9%86%DA%A9/%D9%85%D9%88%D8%B3%D8%B3%D9%87%20%D8%A7%D8%B9%D8%AA%D8%A8%D8%A7%D8%B1%DB%8C%20%D8%BA%DB%8C%D8%B1%D8%A8%D8%A7%D9%86%DA%A9%DB%8C%20%D9%86%D9%88%D8%B1/%D8%B4%D8%B9%D8%A8%D9%87/%D9%87%D8%B1%D9%85%D8%B2%DA%AF%D8%A7%D9%86/%D8%A8%D9%86%D8%AF%D8%B1%D8%B9%D8%A8%D8%A7%D8%B3,2026-07-06
پلی کلینیک ولیعصر بندرعباس + اطلاعات کامل,پزشکان و کلینیک های تخصصی,,07633553807,https://www.drsaina.com/clinic/2341/%D9%BE%D9%84%DB%8C-%DA%A9%D9%84%DB%8C%D9%86%DB%8C%DA%A9-%D9%88%D9%84%DB%8C%D8%B9%D8%B5%D8%B1-%D8%A8%D9%86%D8%AF%D8%B1%D8%B9%D8%A8%D8%A7%D8%B3-%D9%87%D8%B1%D9%85%D8%B2%DA%AF%D8%A7%D9%86,2026-07-06
لیست درمانگاه های بندرعباس همراه با آدرس و تلفن,پزشکان و کلینیک های تخصصی,,07633313035,https://www.delgarm.com/list-of-clinics-in-bandar-abbas.a219673,2026-07-06
لیست بهترین درمانگاه بندرعباس - بیلبورد24,پزشکان و کلینیک های تخصصی,,07633624258,https://bilbord24.com/%D9%84%DB%8C%D8%B3%D8%AA-%D8%A8%D9%87%D8%AA%D8%B1%DB%8C%D9%86-%D8%AF%D8%B1%D9%85%D8%A7%D9%86%DA%AF%D8%A7%D9%87-%D8%A8%D9%86%D8%AF%D8%B1%D8%B9%D8%A8%D8%A7%D8%B3,2026-07-06
پلی کلینیک ولیعصر بندرعباس + اطلاعات کامل,پزشکان و کلینیک های تخصصی,,07633553807,https://www.drsaina.com/clinic/2341/%D9%BE%D9%84%DB%8C-%DA%A9%D9%84%DB%8C%D9%86%DB%8C%DA%A9-%D9%88%D9%84%DB%8C%D8%B9%D8%B5%D8%B1-%D8%A8%D9%86%D8%AF%D8%B1%D8%B9%D8%A8%D8%A7%D8%B3-%D9%87%D8%B1%D9%85%D8%B2%DA%AF%D8%A7%D9%86,2026-07-06
لیست درمانگاه های بندرعباس همراه با آدرس و تلفن,پزشکان و کلینیک های تخصصی,,07633313035,https://www.delgarm.com/list-of-clinics-in-bandar-abbas.a219673,2026-07-06
لیست بهترین فروشگاه های لباس زنانه بندرعباس + آدرس,فروشگاه های پوشاک و مد,09927799133,03132362464,https://ludusgallery.com/%D9%84%D8%A8%D8%A7%D8%B3-%D8%B2%D9%86%D8%A7%D9%86%D9%87-%D8%A8%D9%86%D8%AF%D8%B1%D8%B9%D8%A8%D8%A7%D8%B3/,2026-07-07
بهترین بوتیک مردانه بندرعباس ( اینستاگرام + آدرس),فروشگاه های پوشاک و مد,09904719276,,https://bandarabbas.top/mens-boutiques-bandarabbas/,2026-07-07
لیست 20 بهترین سالن زیبایی در هرمزگان + آدرس و قیمت [1404],آرایشگاه های زنانه و سالن های زیبایی,09306334344,,https://arossho.ir/elfa-cat/%D8%A8%D9%87%D8%AA%D8%B1%DB%8C%D9%86-%D8%B3%D8%A7%D9%84%D9%86-%D8%B2%DB%8C%D8%A8%D8%A7%DB%8C%DB%8C-%D8%AF%D8%B1-%D9%87%D8%B1%D9%85%D8%B2%DA%AF%D8%A7%D9%86/,2026-07-07
آرایشی و بهداشتی رخ بندرعباس‎ (@rokhplus),فروشگاه های لوازم آرایشی و بهداشتی,09028632424,07632236117,https://www.instagram.com/rokhplus/?hl=fa,2026-07-07
فروشگاه های لوازم آرایشی بهداشتی بندر عباس,فروشگاه های لوازم آرایشی و بهداشتی,09215923081,,https://shamyas.com/%D9%84%D9%88%D8%A7%D8%B2%D9%85-%D8%A2%D8%B1%D8%A7%DB%8C%D8%B4%DB%8C-%D8%A8%D9%87%D8%AF%D8%A7%D8%B4%D8%AA%DB%8C-%D8%A8%D9%86%D8%AF%D8%B1-%D8%B9%D8%A8%D8%A7%D8%B3/,2026-07-07
مناطق آزاد,واردکنندگان و فروشگاه های منطقه آزاد,,07632251531,https://investinhormozgan.ir/fa-ir/%D9%85%D8%B9%D8%B1%D9%81%DB%8C-%D8%B3%D8%A7%D8%B2%D9%85%D8%A7%D9%86/%D9%85%D8%B9%D8%B1%D9%81%DB%8C-%D8%A7%D8%B3%D8%AA%D8%A7%D9%86/%D9%85%D9%86%D8%A7%D8%B7%D9%82-%D8%A2%D8%B2%D8%A7%D8%AF,2026-07-16
شرکت نقش جهان هرمز صادرات ، واردات و ترخیص کالا و اخذ ثبت,واردکنندگان و فروشگاه های منطقه آزاد,09120218868,,https://iran-tejarat.com/Ads1802/15910810.html,2026-07-16
27 شرکت بازرگانی در بندرعباس | بهترین تیر 1405,واردکنندگان و فروشگاه های منطقه آزاد,,02128424366,https://meidane.com/%D8%A8%D9%86%D8%AF%D8%B1%D8%B9%D8%A8%D8%A7%D8%B3/%D8%B4%D8%B1%DA%A9%D8%AA-%D8%A8%D8%A7%D8%B2%D8%B1%DA%AF%D8%A7%D9%86%DB%8C,2026-07-16
مناطق آزاد,واردکنندگان و فروشگاه های منطقه آزاد,,07632251531,https://investinhormozgan.ir/fa-ir/%D9%85%D8%B9%D8%B1%D9%81%DB%8C-%D8%B3%D8%A7%D8%B2%D9%85%D8%A7%D9%86/%D9%85%D8%B9%D8%B1%D9%81%DB%8C-%D8%A7%D8%B3%D8%AA%D8%A7%D9%86/%D9%85%D9%86%D8%A7%D8%B7%D9%82-%D8%A2%D8%B2%D8%A7%D8%AF,2026-07-17
فروشگاه دوچرخه جنوب,واردکنندگان و فروشگاه های منطقه آزاد,09336075624,,https://docharkhejonoob.ir/,2026-07-17
واردات خودرو پلاک ملی منطقه آزاد بازرگانی ویوندا بندرعباس ...,واردکنندگان و فروشگاه های منطقه آزاد,09161119747,,https://www.instagram.com/p/DaMwNKcjTpH/,2026-07-17
ترخیص کالا از گمرک بندر عباس,واردکنندگان و فروشگاه های منطقه آزاد,09121280082,,https://makarem.biz/customs-clearance-bandar-abas/,2026-07-17
27 شرکت بازرگانی در بندرعباس | بهترین تیر 1405,واردکنندگان و فروشگاه های منطقه آزاد,,02128424366,https://meidane.com/%D8%A8%D9%86%D8%AF%D8%B1%D8%B9%D8%A8%D8%A7%D8%B3/%D8%B4%D8%B1%DA%A9%D8%AA-%D8%A8%D8%A7%D8%B2%D8%B1%DA%AF%D8%A7%D9%86%DB%8C,2026-07-17
27 شرکت بازرگانی در بندرعباس | بهترین تیر 1405,واردکنندگان و فروشگاه های منطقه آزاد,,02128424366,https://meidane.com/%D8%A8%D9%86%D8%AF%D8%B1%D8%B9%D8%A8%D8%A7%D8%B3/%D8%B4%D8%B1%DA%A9%D8%AA-%D8%A8%D8%A7%D8%B2%D8%B1%DA%AF%D8%A7%D9%86%DB%8C,2026-07-17
27 شرکت بازرگانی در بندرعباس | بهترین تیر 1405,واردکنندگان و فروشگاه های منطقه آزاد,,02128424366,https://meidane.com/%D8%A8%D9%86%D8%AF%D8%B1%D8%B9%D8%A8%D8%A7%D8%B3/%D8%B4%D8%B1%DA%A9%D8%AA-%D8%A8%D8%A7%D8%B2%D8%B1%DA%AF%D8%A7%D9%86%DB%8C,2026-07-17
27 شرکت بازرگانی در بندرعباس | بهترین تیر 1405,واردکنندگان و فروشگاه های منطقه آزاد,,02128424366,https://meidane.com/%D8%A8%D9%86%D8%AF%D8%B1%D8%B9%D8%A8%D8%A7%D8%B3/%D8%B4%D8%B1%DA%A9%D8%AA-%D8%A8%D8%A7%D8%B2%D8%B1%DA%AF%D8%A7%D9%86%DB%8C,2026-07-17
27 شرکت بازرگانی در بندرعباس | بهترین تیر 1405,واردکنندگان و فروشگاه های منطقه آزاد,,02128424366,https://meidane.com/%D8%A8%D9%86%D8%AF%D8%B1%D8%B9%D8%A8%D8%A7%D8%B3/%D8%B4%D8%B1%DA%A9%D8%AA-%D8%A8%D8%A7%D8%B2%D8%B1%DA%AF%D8%A7%D9%86%DB%8C,2026-07-18
27 شرکت بازرگانی در بندرعباس | بهترین تیر 1405,واردکنندگان و فروشگاه های منطقه آزاد,,02128424366,https://meidane.com/%D8%A8%D9%86%D8%AF%D8%B1%D8%B9%D8%A8%D8%A7%D8%B3/%D8%B4%D8%B1%DA%A9%D8%AA-%D8%A8%D8%A7%D8%B2%D8%B1%DA%AF%D8%A7%D9%86%DB%8C,2026-07-18
بازرگانی در بندرعباس,واردکنندگان و فروشگاه های منطقه آزاد,09173595687,,https://www.tebtekaresam.com/%D8%B5%D8%A7%D8%AF%D8%B1%D8%A7%D8%AA-%D9%88-%D9%88%D8%A7%D8%B1%D8%AF%D8%A7%D8%AA-%DA%A9%D8%A7%D9%84%D8%A7/,2026-07-18
27 شرکت بازرگانی در بندرعباس | بهترین تیر 1405,واردکنندگان و فروشگاه های منطقه آزاد,,02128424366,https://meidane.com/%D8%A8%D9%86%D8%AF%D8%B1%D8%B9%D8%A8%D8%A7%D8%B3/%D8%B4%D8%B1%DA%A9%D8%AA-%D8%A8%D8%A7%D8%B2%D8%B1%DA%AF%D8%A7%D9%86%DB%8C,2026-07-19
27 شرکت بازرگانی در بندرعباس | بهترین تیر 1405,واردکنندگان و فروشگاه های منطقه آزاد,,02128424366,https://meidane.com/%D8%A8%D9%86%D8%AF%D8%B1%D8%B9%D8%A8%D8%A7%D8%B3/%D8%B4%D8%B1%DA%A9%D8%AA-%D8%A8%D8%A7%D8%B2%D8%B1%DA%AF%D8%A7%D9%86%DB%8C,2026-07-19
مناطق آزاد,واردکنندگان و فروشگاه های منطقه آزاد,,07632251531,https://investinhormozgan.ir/fa-ir/%D9%85%D8%B9%D8%B1%D9%81%DB%8C-%D8%B3%D8%A7%D8%B2%D9%85%D8%A7%D9%86/%D9%85%D8%B9%D8%B1%D9%81%DB%8C-%D8%A7%D8%B3%D8%AA%D8%A7%D9%86/%D9%85%D9%86%D8%A7%D8%B7%D9%82-%D8%A2%D8%B2%D8%A7%D8%AF,2026-07-19
27 شرکت بازرگانی در بندرعباس | بهترین تیر 1405,واردکنندگان و فروشگاه های منطقه آزاد,,02128424366,https://meidane.com/%D8%A8%D9%86%D8%AF%D8%B1%D8%B9%D8%A8%D8%A7%D8%B3/%D8%B4%D8%B1%DA%A9%D8%AA-%D8%A8%D8%A7%D8%B2%D8%B1%DA%AF%D8%A7%D9%86%DB%8C,2026-07-19
27 شرکت بازرگانی در بندرعباس | بهترین تیر 1405,واردکنندگان و فروشگاه های منطقه آزاد,,02128424366,https://meidane.com/%D8%A8%D9%86%D8%AF%D8%B1%D8%B9%D8%A8%D8%A7%D8%B3/%D8%B4%D8%B1%DA%A9%D8%AA-%D8%A8%D8%A7%D8%B2%D8%B1%DA%AF%D8%A7%D9%86%DB%8C,2026-07-19
27 شرکت بازرگانی در بندرعباس | بهترین تیر 1405,واردکنندگان و فروشگاه های منطقه آزاد,,02128424366,https://meidane.com/%D8%A8%D9%86%D8%AF%D8%B1%D8%B9%D8%A8%D8%A7%D8%B3/%D8%B4%D8%B1%DA%A9%D8%AA-%D8%A8%D8%A7%D8%B2%D8%B1%DA%AF%D8%A7%D9%86%DB%8C,2026-07-20
27 شرکت بازرگانی در بندرعباس | بهترین تیر 1405,واردکنندگان و فروشگاه های منطقه آزاد,,02128424366,https://meidane.com/%D8%A8%D9%86%D8%AF%D8%B1%D8%B9%D8%A8%D8%A7%D8%B3/%D8%B4%D8%B1%DA%A9%D8%AA-%D8%A8%D8%A7%D8%B2%D8%B1%DA%AF%D8%A7%D9%86%DB%8C,2026-07-20
27 شرکت بازرگانی در بندرعباس | بهترین تیر 1405,واردکنندگان و فروشگاه های منطقه آزاد,,02128424366,https://meidane.com/%D8%A8%D9%86%D8%AF%D8%B1%D8%B9%D8%A8%D8%A7%D8%B3/%D8%B4%D8%B1%DA%A9%D8%AA-%D8%A8%D8%A7%D8%B2%D8%B1%DA%AF%D8%A7%D9%86%DB%8C,2026-07-20
مناطق آزاد,واردکنندگان و فروشگاه های منطقه آزاد,,07632251531,https://investinhormozgan.ir/fa-ir/%D9%85%D8%B9%D8%B1%D9%81%DB%8C-%D8%B3%D8%A7%D8%B2%D9%85%D8%A7%D9%86/%D9%85%D8%B9%D8%B1%D9%81%DB%8C-%D8%A7%D8%B3%D8%AA%D8%A7%D9%86/%D9%85%D9%86%D8%A7%D8%B7%D9%82-%D8%A2%D8%B2%D8%A7%D8%AF,2026-07-20
27 شرکت بازرگانی در بندرعباس | بهترین تیر 1405,واردکنندگان و فروشگاه های منطقه آزاد,,02128424366,https://meidane.com/%D8%A8%D9%86%D8%AF%D8%B1%D8%B9%D8%A8%D8%A7%D8%B3/%D8%B4%D8%B1%DA%A9%D8%AA-%D8%A8%D8%A7%D8%B2%D8%B1%DA%AF%D8%A7%D9%86%DB%8C,2026-07-20
27 شرکت بازرگانی در بندرعباس | بهترین تیر 1405,واردکنندگان و فروشگاه های منطقه آزاد,,02128424366,https://meidane.com/%D8%A8%D9%86%D8%AF%D8%B1%D8%B9%D8%A8%D8%A7%D8%B3/%D8%B4%D8%B1%DA%A9%D8%AA-%D8%A8%D8%A7%D8%B2%D8%B1%DA%AF%D8%A7%D9%86%DB%8C,2026-07-21
27 شرکت بازرگانی در بندرعباس | بهترین تیر 1405,واردکنندگان و فروشگاه های منطقه آزاد,,02128424366,https://meidane.com/%D8%A8%D9%86%D8%AF%D8%B1%D8%B9%D8%A8%D8%A7%D8%B3/%D8%B4%D8%B1%DA%A9%D8%AA-%D8%A8%D8%A7%D8%B2%D8%B1%DA%AF%D8%A7%D9%86%DB%8C,2026-07-21
